product_name,categories,n_reviews,cluster,category
all new fire hd 8 tablet 8 hd display wi fi 16 gb includes special offers magenta,"Electronics,iPad & Tablets,All Tablets,Fire Tablets,Tablets,Computers & Tablets",2814,1,Tablets
kindle oasis e reader with leather charging cover merlot 6 high resolution display 300 ppi wi fi includes special offers,"eBook Readers,Kindle E-readers,Computers & Tablets,E-Readers & Accessories,E-Readers",67,0,Kindle
amazon kindle lighted leather cover,"Electronics,eBook Readers & Accessories,Covers,Kindle Store,Amazon Device Accessories,Kindle E-Reader Accessories,Kindle (5th Generation) Accessories,Kindle (5th Generation) Covers",5,4,"Chargers, Cables"
all new fire hd 8 tablet 8 hd display wi fi 32 gb includes special offers magenta,"Tablets,Fire Tablets,Electronics,Computers,Computer Components,Hard Drives & Storage,Computers & Tablets,All Tablets",158,1,Tablets
fire hd 8 tablet with alexa 8 hd display 32 gb tangerine with special offers,"Tablets,Fire Tablets,Computers & Tablets,All Tablets",14,1,Tablets
amazon 5 w usb official oem charger power adapter for fire tablets kind lee readers,"Amazon Devices & Accessories,Amazon Device Accessories,Power Adapters & Cables,Kindle Store,Kindle E-Reader Accessories,Kindle Paperwhite Accessories",416,4,"Chargers, Cables"
all new kind lee reader black 6 glare free touchscreen display wi fi includes special offers,"Electronics,iPad & Tablets,All Tablets,Computers/Tablets & Networking,Tablets & eBook Readers,Computers & Tablets,E-Readers & Accessories,E-Readers,Used:Computers Accessories,Used:Tablets,Computers,iPads Tablets,Kindle E-readers,Electronics Features",212,0,Kindle
fire tablet 7 display wi fi 8 gb includes special offers magenta,"Fire Tablets,Tablets,Computers & Tablets,All Tablets,Electronics, Tech Toys, Movies, Music,Electronics,iPad & Tablets,Android Tablets,Frys",10965,1,Tablets
kindle oasis e reader with leather charging cover black 6 high resolution display 300 ppi wi fi includes special offers,"Kindle E-readers,Electronics Features,Computers & Tablets,E-Readers & Accessories,E-Readers,eBook Readers",6,0,Kindle
amazon kindle voyage 4 gb wi fi 3 g black,"Computers & Tablets,E-Readers & Accessories,eBook Readers,Kindle E-readers",51,0,Kindle
fire hd 8 tablet with alexa 8 hd display 16 gb tangerine with special offers,"Fire Tablets,Tablets,Computers & Tablets,All Tablets",7,1,Tablets
amazon standing protective case for fire hd 64 th generation black,"Frys,Software & Books,eReaders & Accessories,Tablet Cases Covers,Tablet Accessories,Computer Accessories",2,4,"Chargers, Cables"
certified refurbished amazon fire tv previous generation 1 st,"Electronics,Categories,Streaming Media Players,Amazon Devices",1,3,Fire TV
brand new amazon kindle fire 16 gb 7 ips display table twi fi 16 gb blue,"Computers/Tablets & Networking,Tablets & eBook Readers,Computers & Tablets,Tablets,All Tablets",1038,1,Tablets
amazon kindle touch leather case 4 th generation 2011 release olive green,"Amazon Device Accessories,Kindle Store,Kindle Touch (4th Generation) Accessories,Kindle E-Reader Accessories,Covers,Kindle Touch (4th Generation) Covers",6,4,"Chargers, Cables"
fire kids edition tablet 7 display wi fi 16 gb green kid proof case,"Tablets,Fire Tablets,Computers & Tablets,All Tablets",1685,1,Tablets
amazon kindle paper white ebook reader 4 gb 6 monochrome paper white touchscreen wi fi black,"Walmart for Business,Office Electronics,Tablets,Office,Electronics,iPad & Tablets,Windows Tablets,All Windows Tablets,Computers & Tablets,E-Readers & Accessories,E-Readers,eBook Readers,Kindle E-readers,Computers/Tablets & Networking,Tablets & eBook Readers,Electronics Features,Books & Magazines,Book Accessories,eReaders,TVs & Electronics,Computers & Laptops,Tablets & eReaders",3176,0,Kindle
kindle voyage e reader 6 high resolution display 300 ppi with adaptive built in light page press sensors wi fi includes special offers,"Walmart for Business,Office Electronics,Tablets,Electronics,iPad & Tablets,All Tablets,Computers & Tablets,E-Readers & Accessories,Kindle E-readers,Electronics Features,eBook Readers,See more Amazon Kindle Voyage (Wi-Fi),See more Amazon Kindle Voyage 4GB, Wi-Fi  3G (Unlocked...",580,0,Kindle
certified refurbished amazon fire tv stick previous generation 1 st,"Electronics,Categories,Fire TV,Kindle Store",3,3,Fire TV
kindle paper white,"mazon.co.uk,Amazon Devices",15,0,Kindle
fire kids edition tablet 7 display wi fi 16 gb blue kid proof case,"Electronics,Computers,Computer Accessories,Cases & Bags,Fire Tablets,Electronics Features,Tablets,Computers & Tablets,Kids' Tablets,Electronics, Tech Toys, Movies, Music,iPad & Tablets,Top Rated",6,1,Tablets
kindle paper white e reader white 6 high resolution display 300 ppi with built in light wi fi includes special offers,"Electronics,iPad & Tablets,All Tablets,Computers & Tablets,Tablets,eBook Readers",30,0,Kindle
amazon echo fire tv power adapter,"Kindle Store,Categories,eBook Readers & Accessories,Fire TV Accessories,Electronics,Power Adapters & Cables,Amazon Device Accessories,Power Adapters",16,4,"Chargers, Cables"
amazon fire hd 88 in tablet 16 gb black b 018 sz t 3 bk 6 th gen 2016 android,"Fire Tablets,Tablets,Computers & Tablets,All Tablets,Computers/Tablets & Networking,Tablets & eBook Readers",270,1,Tablets
certified refurbished amazon fire tv with alexa voice remote,"Categories,Streaming Media Players,Electronics",8,3,Fire TV
amazon fire 16 gb 5 th gen 2015 release black,"Computers & Tablets,Tablets,All Tablets,Computers/Tablets & Networking,Tablets & eBook Readers,Fire Tablets,Frys",10,1,Tablets
fire tablet 7 display wi fi 8 gb includes special offers black,"Electronics Features,Fire Tablets,Computers & Tablets,Tablets,All Tablets,Computers/Tablets & Networking,Tablets & eBook Readers",372,1,Tablets
echo white,"Stereos,Remote Controls,Amazon Echo,Audio Docks & Mini Speakers,Amazon Echo Accessories,Kitchen & Dining Features,Speaker Systems,Electronics,TVs Entertainment,Clearance,Smart Hubs & Wireless Routers,Featured Brands,Wireless Speakers,Smart Home & Connected Living,Home Security,Kindle Store,Home Automation,Home, Garage & Office,Home,Voice-Enabled Smart Assistants,Virtual Assistant Speakers,Portable Audio & Headphones,Electronics Features,Amazon Device Accessories,iPod, Audio Player Accessories,Home & Furniture Clearance,Consumer Electronics,Smart Home,Surveillance,Home Improvement,Smart Home & Home Automation Devices,Smart Hubs,Home Safety & Security,Voice Assistants,Alarms & Sensors,Amazon Devices,Audio,Holiday Shop",6619,2,Echo & Smart Speakers
fire tablet 7 display wi fi 8 gb includes special offers tangerine,"Fire Tablets,Tablets,Computers & Tablets,All Tablets,Frys",1,1,Tablets
echo black,"TVs Entertainment,Wireless Speakers,Virtual Assistant Speakers,Featured Brands,Electronics,Amazon Devices,Home,Home Improvement,Home Safety & Security,Home Security,Alarms & Sensors,Smart Home & Home Automation Devices,Smart Hubs & Wireless Routers,Smart Hubs,Consumer Electronics,Voice-Enabled Smart Assistants,Smart Home & Connected Living,Home, Garage & Office,Smart Home,Voice Assistants,Surveillance,Home Automation,Speakers,Electronics Features,Holiday Shop,TV, Video & Home Audio,Internet & Media Streamers,Amazon Echo,Hubs & Controllers",7,2,Echo & Smart Speakers
amazon 9 w power fast official oem usb charger power adapter for fire tablets kind lee readers,"Chargers & Adapters,Computers & Accessories,Tablet & E-Reader Accessories,Amazon Devices & Accessories,Fire Tablet Accessories,Electronics,Power Adapters & Cables,Cell Phones,Amazon Device Accessories,Cell Phone Accessories,Cell Phone Batteries & Power,Tablet Accessories,Featured Brands,Kindle Fire (2nd Generation) Accessories,Kindle Store,Home Improvement,Fire (5th Generation) Accessories,Electrical,Amazon Devices,Home,Tablets & E-Readers,Cables & Chargers",73,4,"Chargers, Cables"
amazon fire hd 6 standing protective case 4 th generation 2014 release cayenne red,"Cases,Kindle Store,Amazon Device Accessories,Accessories,Tablet Accessories",13,4,"Chargers, Cables"
fire hd 10 tablet 101 hd display wi fi 16 gb includes special offers silver aluminum,"Electronics,Tablets & E-Readers,Tablets,Back To College,College Electronics,College Ipads & Tablets,Featured Brands,Amazon Devices,Electronics Deals,Computers & Tablets,All Tablets,Electronics Features,eBook Readers",256,1,Tablets
amazon amazon tap portable bluetooth wi fi speaker black,"Featured Brands,Electronics,Amazon Devices,Home,Home Improvement,Home Safety & Security,Home Security,Alarms & Sensors,Smart Home & Home Automation Devices,Mobile,Mobile Speakers,Mobile Bluetooth Speakers,Smart Hubs & Wireless Routers,Smart Hubs,Home, Garage & Office,Smart Home,Voice Assistants,Smart Home & Connected Living,Amazon Tap,Portable Audio,MP3 Accessories,Speakers,Amazon Echo,Electronics Features,TVs & Electronics,Portable Audio & Electronics,MP3 Player Accessories,Home Theater & Audio,Kindle Store,Frys,Electronic Components,Home Automation,Electronics, Tech Toys, Movies, Music,Audio,Bluetooth Speakers",636,2,Echo & Smart Speakers
fire tv streaming media player 2015 model,"Back To College,College Electronics,College Tvs & Home Theater,Electronics,Tvs & Home Theater,Streaming Devices,Featured Brands,Amazon Devices,Holiday Shop,Ways To Shop,TV & Home Theater,Streaming Media Players,All Streaming Media Players,TVs Entertainment,Video Games,Kindle Store,Electronics Features,Kids & Family,Fire TV",5056,3,Fire TV
kindled x leather cover black fits 97 display latest 2 nd generation kindled xs,"Electronics,Amazon Device Accessories,Kindle Store,Covers,Kindle E-Reader Accessories,Kindle DX (2nd Generation, Global Wireless) Accessories",10,4,"Chargers, Cables"
amazon kindle fire 5 ft usb to micro usb cable works with most micro usb tablets,"Power Adapters & Cables,Electronics,USB Cables",8,4,"Chargers, Cables"
new amazon kindle fire hd 9 w power fast adapter charger micro usb angle cable,"Computers/Tablets & Networking,Tablet & eBook Reader Accs,Chargers & Sync Cables,Power Adapters & Cables,Kindle Store,Amazon Device Accessories,Fire Tablet Accessories,Kindle Fire (2nd Generation) Accessories",13,4,"Chargers, Cables"
